{"eval_loss": 4.358699321746826, "eval_accuracy": 0.014999999664723873, "eval_runtime": 3.4736, "eval_samples_per_second": 57.577, "eval_steps_per_second": 7.197}