{"eval_loss": 0.3925800025463104, "eval_accuracy": 0.8927047252655029, "eval_runtime": 10.5383, "eval_samples_per_second": 933.925, "eval_steps_per_second": 116.812}