{"eval_loss": 2.178755044937134, "eval_accuracy": 0.512499988079071, "eval_runtime": 0.5484, "eval_samples_per_second": 729.448, "eval_steps_per_second": 91.181}