{"eval_loss": 3.0655367374420166, "eval_accuracy": 0.33250001072883606, "eval_runtime": 0.5593, "eval_samples_per_second": 715.208, "eval_steps_per_second": 89.401}