{"eval_loss": 0.4141176640987396, "eval_accuracy": 0.8970189690589905, "eval_runtime": 3.755, "eval_samples_per_second": 393.081, "eval_steps_per_second": 49.268}