{"eval_loss": 0.5055191516876221, "eval_accuracy": 0.824999988079071, "eval_runtime": 0.3459, "eval_samples_per_second": 578.136, "eval_steps_per_second": 72.267}