{"eval_loss": 0.3925800323486328, "eval_accuracy": 0.8927047252655029, "eval_runtime": 19.7676, "eval_samples_per_second": 497.886, "eval_steps_per_second": 62.274}