{"eval_loss": 0.4746969938278198, "eval_accuracy": 0.8698435425758362, "eval_runtime": 10.2924, "eval_samples_per_second": 956.241, "eval_steps_per_second": 119.603}