{"eval_loss": 0.41411763429641724, "eval_accuracy": 0.8970189690589905, "eval_runtime": 1.6832, "eval_samples_per_second": 876.924, "eval_steps_per_second": 109.913}