{"eval_loss": 4.358699798583984, "eval_accuracy": 0.014999999664723873, "eval_runtime": 0.3464, "eval_samples_per_second": 577.383, "eval_steps_per_second": 72.173}